created_at|latitude|longitude
2016-11-16 06:32:04|0.000000|0.000000
2016-11-16 06:32:04|0.000000|0.000000
2016-11-16 06:32:04|0.000000|0.000000
2016-11-16 06:32:04|0.000000|0.000000
2016-11-16 06:32:04|0.000000|0.000000
2016-11-16 06:32:04|0.000000|0.000000
2016-11-16 06:32:04|0.000000|0.000000
2016-11-16 06:32:04|0.000000|0.000000
2016-11-16 06:32:04|0.000000|0.000000
2016-11-16 06:32:04|0.000000|0.000000
2016-11-16 06:32:04|0.000000|0.000000
2016-11-16 06:32:04|0.000000|0.000000
2016-11-16 06:32:04|0.000000|0.000000
2016-11-16 06:32:04|0.000000|0.000000
2016-11-16 06:32:04|0.000000|0.000000
2016-11-16 06:32:04|0.000000|0.000000
2016-11-16 06:32:04|0.000000|0.000000
2016-11-16 06:32:04|0.000000|0.000000
2016-11-16 06:32:04|0.000000|0.000000
2016-11-16 06:32:04|0.000000|0.000000
2016-11-16 06:32:04|0.000000|0.000000
2016-11-16 06:32:04|0.000000|0.000000
2016-11-16 06:32:04|0.000000|0.000000
2016-11-16 06:32:04|0.000000|0.000000
2016-11-16 06:32:04|0.000000|0.000000
2016-11-16 06:32:04|0.000000|0.000000
2016-11-16 06:32:04|0.000000|0.000000
2016-11-16 06:32:04|0.000000|0.000000
2016-11-16 06:32:04|0.000000|0.000000
2016-11-16 06:32:04|0.000000|0.000000
2016-11-16 06:32:04|0.000000|0.000000
2016-11-16 06:32:04|0.000000|0.000000
2016-11-16 06:32:04|0.000000|0.000000
2016-11-16 06:32:04|0.000000|0.000000
2016-11-16 06:32:04|0.000000|0.000000
2016-11-16 06:32:04|0.000000|0.000000
2016-11-16 06:32:04|0.000000|0.000000
2016-11-16 06:32:04|0.000000|0.000000
2016-11-16 06:32:04|0.000000|0.000000
2016-11-16 06:32:04|0.000000|0.000000
2016-11-16 06:32:04|0.000000|0.000000
2016-11-16 06:32:04|0.000000|0.000000
2016-11-16 06:32:04|0.000000|0.000000
2016-11-16 06:32:04|0.000000|0.000000
2016-11-16 06:32:04|0.000000|0.000000
2016-11-16 06:32:04|0.000000|0.000000
2016-11-16 06:32:04|0.000000|0.000000
2016-11-16 06:32:04|0.000000|0.000000
2016-11-16 06:32:04|0.000000|0.000000
2016-11-16 06:32:04|0.000000|0.000000
2016-11-16 06:32:04|0.000000|0.000000
2016-11-16 06:32:04|0.000000|0.000000
2016-11-16 06:32:04|0.000000|0.000000
2016-11-16 06:32:04|0.000000|0.000000
2016-11-16 06:32:04|0.000000|0.000000
2016-11-16 06:32:04|0.000000|0.000000
2016-11-16 06:32:04|0.000000|0.000000
2016-11-16 06:32:04|0.000000|0.000000
2016-11-16 06:32:04|0.000000|0.000000
2016-11-16 06:32:04|0.000000|0.000000
2016-11-16 06:32:04|0.000000|0.000000
2016-11-16 06:32:04|0.000000|0.000000
2016-11-16 06:32:04|0.000000|0.000000
2016-11-16 06:32:04|0.000000|0.000000
2016-11-16 06:32:04|0.000000|0.000000
2016-11-16 06:32:04|0.000000|0.000000
2016-11-16 06:32:04|0.000000|0.000000
2016-11-16 06:32:04|0.000000|0.000000
2016-11-16 06:32:04|0.000000|0.000000
2016-11-16 06:32:04|0.000000|0.000000
2016-11-16 06:32:04|0.000000|0.000000
2016-11-16 06:32:04|0.000000|0.000000
2016-11-16 06:32:04|0.000000|0.000000
2016-11-16 06:32:04|0.000000|0.000000
2016-11-16 06:32:04|0.000000|0.000000
2016-11-16 06:32:04|0.000000|0.000000
2016-11-16 06:32:04|0.000000|0.000000
2016-11-16 06:32:04|0.000000|0.000000
2016-11-16 06:32:04|0.000000|0.000000
2016-11-16 06:32:04|0.000000|0.000000
2016-11-16 06:32:04|0.000000|0.000000
2016-11-16 06:32:04|0.000000|0.000000
2016-11-16 06:32:04|0.000000|0.000000
2016-11-16 06:32:04|0.000000|0.000000
2016-11-16 06:32:04|0.000000|0.000000
2016-11-16 06:32:04|0.000000|0.000000
2016-11-16 06:32:04|0.000000|0.000000
2016-11-16 06:32:04|0.000000|0.000000
2016-11-16 06:32:04|0.000000|0.000000
2016-11-16 06:32:04|0.000000|0.000000
2016-11-16 06:32:04|0.000000|0.000000
2016-11-16 06:32:04|0.000000|0.000000
2016-11-16 06:32:04|0.000000|0.000000
2016-11-16 06:32:04|0.000000|0.000000
2016-11-16 06:32:04|0.000000|0.000000
2016-11-16 06:32:04|0.000000|0.000000
2016-11-16 06:32:04|0.000000|0.000000
2016-11-16 06:32:04|0.000000|0.000000
2016-11-16 06:32:04|0.000000|0.000000
2016-11-16 06:32:04|0.000000|0.000000
2016-11-16 06:32:04|0.000000|0.000000
2016-11-16 06:32:04|0.000000|0.000000
2016-11-16 06:32:04|0.000000|0.000000
2016-11-16 06:32:04|0.000000|0.000000
2016-11-16 06:32:04|0.000000|0.000000
2016-11-16 06:32:04|0.000000|0.000000
2016-11-16 06:32:04|0.000000|0.000000
2016-11-16 06:32:04|0.000000|0.000000
2016-11-16 06:32:04|0.000000|0.000000
2016-11-16 06:32:04|0.000000|0.000000
2016-11-16 06:32:04|0.000000|0.000000
2016-11-16 06:32:04|0.000000|0.000000
2016-11-16 06:32:04|0.000000|0.000000
2016-11-16 06:32:04|0.000000|0.000000
2016-11-16 06:32:04|0.000000|0.000000
2016-11-16 06:32:04|0.000000|0.000000
2016-11-16 06:32:04|0.000000|0.000000
2016-11-16 06:32:04|0.000000|0.000000
2016-11-16 06:32:04|0.000000|0.000000
2016-11-16 06:32:04|0.000000|0.000000
2016-11-16 06:32:04|0.000000|0.000000
2016-11-16 06:32:04|0.000000|0.000000
2016-11-16 06:32:04|0.000000|0.000000
2016-11-16 06:32:04|0.000000|0.000000
2016-11-16 06:32:04|0.000000|0.000000
2016-11-16 06:32:04|0.000000|0.000000
2016-11-16 06:32:04|0.000000|0.000000
2016-11-16 06:32:04|0.000000|0.000000
2016-11-16 06:32:04|0.000000|0.000000
2016-11-16 06:32:04|0.000000|0.000000
2016-11-16 06:32:04|0.000000|0.000000
2016-11-16 06:32:04|0.000000|0.000000
2016-11-16 06:32:04|0.000000|0.000000
2016-11-16 06:32:04|0.000000|0.000000
2016-11-16 06:32:04|0.000000|0.000000
2016-11-16 06:32:04|0.000000|0.000000
2016-11-16 06:32:04|0.000000|0.000000
2016-11-16 06:32:04|0.000000|0.000000
2016-11-16 06:32:04|0.000000|0.000000
2016-11-16 06:32:04|0.000000|0.000000
2016-11-16 06:32:04|0.000000|0.000000
2016-11-16 06:32:04|0.000000|0.000000
2016-11-16 06:32:04|0.000000|0.000000
2016-11-16 06:32:04|0.000000|0.000000
2016-11-16 06:32:04|0.000000|0.000000
2016-11-16 06:32:04|0.000000|0.000000
2016-11-16 06:32:04|0.000000|0.000000
2016-11-16 06:32:04|0.000000|0.000000
2016-11-16 06:32:04|0.000000|0.000000
2016-11-16 06:32:04|0.000000|0.000000
2016-11-16 06:32:04|0.000000|0.000000
2016-11-16 06:32:04|0.000000|0.000000
2016-11-16 06:32:04|0.000000|0.000000
2016-11-16 06:32:04|0.000000|0.000000
2016-11-16 06:32:04|0.000000|0.000000
2016-11-16 06:32:04|0.000000|0.000000
2016-11-16 06:32:04|0.000000|0.000000
2016-11-16 06:32:04|0.000000|0.000000
2016-11-16 06:32:04|0.000000|0.000000
2016-11-16 06:32:04|0.000000|0.000000
2016-11-16 06:32:04|0.000000|0.000000
2016-11-16 06:32:04|0.000000|0.000000
2016-11-16 06:32:04|0.000000|0.000000
2016-11-16 06:32:04|0.000000|0.000000
2016-11-16 06:32:04|0.000000|0.000000
2016-11-16 06:32:04|0.000000|0.000000
2016-11-16 06:32:04|0.000000|0.000000
2016-11-16 06:32:04|0.000000|0.000000
2016-11-16 06:32:04|0.000000|0.000000
2016-11-16 06:49:29|1.360503|103.842489
2016-11-16 06:49:39|1.360471|103.842508
2016-11-16 06:49:39|1.360471|103.842508
2016-11-16 06:49:49|1.360471|103.842508
2016-11-16 06:49:59|1.360471|103.842508
2016-11-16 06:50:10|1.360471|103.842508
2016-11-16 06:50:21|1.360471|103.842508
2016-11-16 06:50:31|1.360511|103.842364
2016-11-16 06:50:41|1.360832|103.841529
2016-11-16 06:50:52|1.361279|103.840585
2016-11-16 06:51:02|1.361791|103.839504
2016-11-16 06:51:13|1.362350|103.838234
2016-11-16 06:51:13|1.362350|103.838234
2016-11-16 06:51:24|1.362763|103.837241
2016-11-16 06:51:34|1.363134|103.836359
2016-11-16 06:51:45|1.363601|103.835346
2016-11-16 06:51:55|1.363845|103.834490
2016-11-16 06:52:06|1.363677|103.833875
2016-11-16 06:52:17|1.363642|103.833808
2016-11-16 06:52:27|1.363642|103.833808
2016-11-16 06:52:38|1.363586|103.833699
2016-11-16 06:52:48|1.363327|103.832934
2016-11-16 06:52:59|1.362734|103.832265
2016-11-16 06:53:10|1.361378|103.832092
2016-11-16 06:53:20|1.360838|103.832123
2016-11-16 06:53:31|1.360786|103.832122
2016-11-16 06:53:42|1.360380|103.832175
2016-11-16 06:53:53|1.360272|103.832395
2016-11-16 06:53:53|1.360272|103.832395
2016-11-16 06:54:04|1.360202|103.832563
2016-11-16 06:54:14|1.360101|103.832775
2016-11-16 06:54:25|1.360026|103.832932
2016-11-16 06:54:36|1.359995|103.832990
2016-11-16 06:54:47|1.359938|103.833148
2016-11-16 06:54:57|1.360118|103.833229
2016-11-16 06:54:57|1.360118|103.833229
2016-11-16 06:55:24|1.360126|103.833896
2016-11-16 06:55:24|1.360126|103.833896
2016-11-16 06:55:44|1.360257|103.833898
2016-11-16 06:55:44|1.360257|103.833898
2016-11-16 06:55:54|1.359885|103.833108
2016-11-16 06:56:05|1.359994|103.832659
2016-11-16 06:56:15|1.360077|103.832082
2016-11-16 06:56:26|1.359404|103.831629
2016-11-16 06:56:36|1.359429|103.830576
2016-11-16 06:56:46|1.359439|103.829620
2016-11-16 06:56:56|1.359443|103.829409
2016-11-16 06:57:06|1.359443|103.829409
2016-11-16 06:57:17|1.359443|103.829409
2016-11-16 06:57:27|1.359434|103.829366
2016-11-16 06:57:37|1.359371|103.829048
2016-11-16 06:57:47|1.359757|103.828715
2016-11-16 06:57:58|1.360811|103.828423
2016-11-16 06:58:09|1.362046|103.828052
2016-11-16 06:58:20|1.363398|103.827924
2016-11-16 06:58:30|1.364592|103.828027
2016-11-16 06:58:40|1.365757|103.828154
2016-11-16 06:58:51|1.366830|103.828247
2016-11-16 06:59:02|1.367820|103.828323
2016-11-16 06:59:13|1.368026|103.828870
2016-11-16 06:59:23|1.367965|103.829655
2016-11-16 06:59:33|1.367915|103.830486
2016-11-16 06:59:43|1.368077|103.830941
2016-11-16 06:59:43|1.368077|103.830941
2016-11-16 06:59:43|1.368077|103.830941
2016-11-16 06:59:54|1.368832|103.831131
2016-11-16 07:00:04|1.369556|103.831737
2016-11-16 07:00:14|1.370323|103.832240
2016-11-16 07:00:25|1.371202|103.832760
2016-11-16 07:00:35|1.371965|103.833081
2016-11-16 07:00:46|1.372505|103.833087
2016-11-16 07:00:56|1.372648|103.833086
2016-11-16 07:01:07|1.372799|103.833077
2016-11-16 07:01:17|1.372933|103.833060
2016-11-16 07:01:27|1.372933|103.833060
2016-11-16 07:01:37|1.372933|103.833060
2016-11-16 07:01:47|1.372933|103.833060
2016-11-16 07:01:58|1.372933|103.833060
2016-11-16 07:02:09|1.372933|103.833060
2016-11-16 07:02:20|1.372933|103.833060
2016-11-16 07:02:30|1.373002|103.833061
2016-11-16 07:02:41|1.373443|103.833028
2016-11-16 07:02:51|1.373562|103.832838
2016-11-16 07:03:02|1.373583|103.832852
2016-11-16 07:03:12|1.373500|103.833084
2016-11-16 07:03:22|1.372964|103.833182
2016-11-16 07:03:33|1.372167|103.833245
2016-11-16 07:03:33|1.372167|103.833245
2016-11-16 07:03:44|1.372004|103.833233
2016-11-16 07:03:44|1.372004|103.833233
2016-11-16 07:03:44|1.372004|103.833233
2016-11-16 07:03:44|1.372004|103.833233
2016-11-16 07:03:54|1.371922|103.833223
2016-11-16 07:04:04|1.371421|103.833023
2016-11-16 07:04:15|1.370822|103.832638
2016-11-16 07:04:26|1.369839|103.832037
2016-11-16 07:04:37|1.368851|103.831196
2016-11-16 07:04:47|1.367833|103.830910
2016-11-16 07:04:58|1.367787|103.830122
2016-11-16 07:05:08|1.367840|103.829223
2016-11-16 07:05:18|1.367789|103.828641
2016-11-16 07:05:28|1.367146|103.828431
2016-11-16 07:05:38|1.366022|103.828299
2016-11-16 07:05:49|1.364615|103.828188
2016-11-16 07:05:59|1.363503|103.828182
2016-11-16 07:06:09|1.362570|103.828220
2016-11-16 07:06:19|1.361603|103.828304
2016-11-16 07:06:30|1.360738|103.828634
2016-11-16 07:06:40|1.360682|103.828661
2016-11-16 07:06:51|1.360606|103.828686
2016-11-16 07:07:01|1.360501|103.828713
2016-11-16 07:07:12|1.360245|103.828815
2016-11-16 07:07:23|1.360141|103.828843
2016-11-16 07:07:33|1.360109|103.828845
2016-11-16 07:07:43|1.360109|103.828845
2016-11-16 07:07:53|1.360109|103.828845
2016-11-16 07:07:53|1.360109|103.828845
2016-11-16 07:08:04|1.359912|103.828865
2016-11-16 07:08:15|1.359912|103.828865
2016-11-16 07:08:26|1.359866|103.828888
2016-11-16 07:08:37|1.359720|103.828922
2016-11-16 07:08:48|1.359500|103.829003
2016-11-16 07:08:58|1.359446|103.829704
2016-11-16 07:09:09|1.359455|103.830856
2016-11-16 07:09:20|1.359421|103.831679
2016-11-16 07:09:30|1.359903|103.831985
2016-11-16 07:09:41|1.360888|103.832049
2016-11-16 07:09:51|1.362240|103.832057
2016-11-16 07:10:01|1.363242|103.832500
2016-11-16 07:10:11|1.363359|103.832739
2016-11-16 07:10:21|1.363359|103.832739
2016-11-16 07:10:32|1.363359|103.832739
2016-11-16 07:10:42|1.363468|103.833054
2016-11-16 07:10:52|1.363744|103.833788
2016-11-16 07:11:02|1.363878|103.834154
2016-11-16 07:11:02|1.363878|103.834154
2016-11-16 07:11:02|1.363878|103.834154
2016-11-16 07:11:13|1.363950|103.834334
2016-11-16 07:11:23|1.363973|103.834645
2016-11-16 07:11:23|1.363973|103.834645
2016-11-16 07:11:34|1.363630|103.835614
2016-11-16 07:11:44|1.363232|103.836420
2016-11-16 07:11:55|1.362874|103.837265
2016-11-16 07:12:05|1.362477|103.838215
2016-11-16 07:12:16|1.362208|103.838838
2016-11-16 07:12:27|1.362208|103.838838
2016-11-16 07:12:38|1.361928|103.839439
2016-11-16 07:12:49|1.361369|103.840687
2016-11-16 07:12:59|1.361174|103.841747
2016-11-16 07:13:10|1.362235|103.842327
2016-11-16 07:13:21|1.363453|103.842742
2016-11-16 07:13:32|1.364103|103.842920
2016-11-16 07:13:32|1.364103|103.842920
2016-11-16 07:13:42|1.364147|103.842929
2016-11-16 07:13:53|1.364147|103.842929
2016-11-16 07:14:03|1.364147|103.842929
2016-11-16 07:14:03|1.364147|103.842929
2016-11-16 07:14:14|1.364147|103.842929
2016-11-16 07:14:25|1.364267|103.842948
2016-11-16 07:14:36|1.364324|103.842967
2016-11-16 07:14:46|1.364324|103.842967
2016-11-16 07:14:57|1.364324|103.842967
2016-11-16 07:15:07|1.364324|103.842967
2016-11-16 07:15:07|1.364324|103.842967
2016-11-16 07:15:17|1.364409|103.843046
2016-11-16 07:15:27|1.364401|103.843692
2016-11-16 07:15:37|1.364323|103.844442
2016-11-16 07:15:47|1.364364|103.844824
2016-11-16 07:15:58|1.364360|103.844883
2016-11-16 07:16:08|1.364360|103.844883
2016-11-16 07:16:19|1.364360|103.844883
2016-11-16 07:16:30|1.364360|103.844883
2016-11-16 07:16:30|1.364360|103.844883
2016-11-16 07:16:30|1.364360|103.844883
2016-11-16 07:16:40|1.364360|103.844883
2016-11-16 07:16:51|1.364239|103.845420
2016-11-16 07:17:02|1.363979|103.846585
2016-11-16 07:17:13|1.363501|103.848081
2016-11-16 07:17:13|1.363501|103.848081
2016-11-16 07:17:24|1.362766|103.849416
2016-11-16 07:17:35|1.361870|103.850543
2016-11-16 07:17:46|1.361319|103.851214
2016-11-16 07:17:56|1.360757|103.851934
2016-11-16 07:18:07|1.359990|103.852805
2016-11-16 07:18:17|1.359049|103.853633
2016-11-16 07:18:28|1.358683|103.853856
2016-11-16 07:18:38|1.358683|103.853856
2016-11-16 07:18:48|1.358683|103.853856
2016-11-16 07:18:59|1.358683|103.853856
2016-11-16 07:19:09|1.358683|103.853856
2016-11-16 07:19:20|1.358683|103.853856
2016-11-16 07:19:31|1.358683|103.853856
2016-11-16 07:19:41|1.358173|103.854088
2016-11-16 07:19:52|1.357040|103.854639
2016-11-16 07:20:03|1.356048|103.855604
2016-11-16 07:20:14|1.355850|103.855959
2016-11-16 07:20:24|1.355850|103.855959
2016-11-16 07:20:35|1.355850|103.855959
2016-11-16 07:20:45|1.355748|103.856191
2016-11-16 07:20:56|1.355362|103.857012
2016-11-16 07:21:06|1.354644|103.857440
2016-11-16 07:21:17|1.353707|103.857311
2016-11-16 07:21:28|1.352810|103.857340
2016-11-16 07:21:38|1.351987|103.857512
2016-11-16 07:21:48|1.350699|103.857914
2016-11-16 07:21:58|1.349357|103.858384
2016-11-16 07:22:08|1.348048|103.858839
2016-11-16 07:22:19|1.346646|103.859347
2016-11-16 07:22:30|1.345164|103.859884
2016-11-16 07:22:30|1.345164|103.859884
2016-11-16 07:22:40|1.343847|103.860360
2016-11-16 07:22:51|1.342432|103.860852
2016-11-16 07:23:01|1.341033|103.861375
2016-11-16 07:23:12|1.339577|103.861874
2016-11-16 07:23:23|1.338114|103.862184
2016-11-16 07:23:33|1.336715|103.862248
2016-11-16 07:23:43|1.335403|103.862279
2016-11-16 07:23:43|1.335403|103.862279
2016-11-16 07:23:54|1.333837|103.862342
2016-11-16 07:24:05|1.332337|103.862400
2016-11-16 07:24:05|1.332337|103.862400
2016-11-16 07:24:16|1.330778|103.862465
2016-11-16 07:24:26|1.329361|103.862435
2016-11-16 07:24:37|1.327912|103.862071
2016-11-16 07:24:48|1.326574|103.861295
2016-11-16 07:24:58|1.325604|103.860328
2016-11-16 07:25:09|1.324601|103.859215
2016-11-16 07:25:20|1.323601|103.858159
2016-11-16 07:25:30|1.322627|103.857269
2016-11-16 07:25:40|1.321601|103.856381
2016-11-16 07:25:51|1.320556|103.855290
2016-11-16 07:26:01|1.319771|103.854176
2016-11-16 07:26:12|1.319036|103.852857
2016-11-16 07:26:23|1.318405|103.851378
2016-11-16 07:26:33|1.317747|103.849982
2016-11-16 07:26:33|1.317747|103.849982
2016-11-16 07:26:44|1.317097|103.848484
2016-11-16 07:26:54|1.316277|103.847243
2016-11-16 07:27:04|1.315148|103.846218
2016-11-16 07:27:14|1.313955|103.845444
2016-11-16 07:27:24|1.312628|103.844971
2016-11-16 07:27:34|1.311157|103.844612
2016-11-16 07:27:34|1.311157|103.844612
2016-11-16 07:28:01|1.311464|103.844995
2016-11-16 07:28:10|1.311464|103.844995
2016-11-16 07:28:10|1.311464|103.844995
2016-11-16 07:28:29|1.305527|103.840235
2016-11-16 07:28:40|1.303918|103.840478
2016-11-16 07:28:50|1.302704|103.841534
2016-11-16 07:28:50|1.302704|103.841534
2016-11-16 07:28:50|1.302704|103.841534
2016-11-16 07:29:23|1.286917|103.839922
2016-11-16 07:29:32|1.286917|103.839922
2016-11-16 07:29:43|1.302700|103.842458
2016-11-16 07:29:53|1.286909|103.841456
2016-11-16 07:30:04|1.287182|103.842985
2016-11-16 07:30:04|1.287182|103.842985
2016-11-16 07:30:04|1.287182|103.842985
2016-11-16 07:30:25|1.287257|103.843357
2016-11-16 07:30:43|1.287445|103.843681
2016-11-16 07:30:53|1.287151|103.844044
2016-11-16 07:30:53|1.287151|103.844044
2016-11-16 07:30:53|1.287151|103.844044
2016-11-16 07:31:14|1.286707|103.844949
2016-11-16 07:31:29|1.285897|103.846036
2016-11-16 07:31:29|1.285897|103.846036
2016-11-16 07:31:50|1.285194|103.847440
2016-11-16 07:32:00|1.284566|103.848663
2016-11-16 07:32:21|1.283683|103.849750
2016-11-16 07:32:41|1.282656|103.850384
2016-11-16 07:32:52|1.282651|103.851200
2016-11-16 07:33:02|1.282354|103.852015
2016-11-16 07:33:23|1.280896|103.851290
2016-11-16 07:33:23|1.280896|103.851290
2016-11-16 07:33:38|1.280969|103.851290
2016-11-16 07:33:48|1.280824|103.851200
2016-11-16 07:33:58|1.280168|103.850747
2016-11-16 07:34:08|1.280023|103.850656
2016-11-16 07:34:18|1.278784|103.849841
2016-11-16 07:34:28|1.278857|103.849841
2016-11-16 07:34:43|1.278857|103.849841
2016-11-16 07:34:43|1.278857|103.849841
2016-11-16 07:34:54|1.278712|103.849750
2016-11-16 07:35:10|1.277181|103.848935
2016-11-16 07:35:10|1.277181|103.848935
2016-11-16 07:35:30|1.276015|103.848301
2016-11-16 07:35:30|1.276015|103.848301
2016-11-16 07:35:45|1.275943|103.848210
2016-11-16 07:36:02|1.275942|103.848301
2016-11-16 07:36:12|1.275942|103.848301
2016-11-16 07:36:22|1.275942|103.848301
2016-11-16 07:36:33|1.276015|103.848301
2016-11-16 07:36:43|1.276162|103.848120
2016-11-16 07:36:53|1.276426|103.846716
2016-11-16 07:36:53|1.276426|103.846716
2016-11-16 07:37:04|1.276533|103.847123
2016-11-16 07:37:04|1.276533|103.847123
2016-11-16 07:37:24|1.276679|103.847214
2016-11-16 07:37:35|1.276751|103.847486
2016-11-16 07:37:45|1.276750|103.847667
2016-11-16 07:37:55|1.277890|103.846353
2016-11-16 07:38:06|1.279087|103.848029
2016-11-16 07:38:16|1.278760|103.847622
2016-11-16 07:38:16|1.278760|103.847622
2016-11-16 07:38:26|1.278760|103.847622
2016-11-16 07:38:36|1.279050|103.847984
2016-11-16 07:38:52|1.279087|103.848029
2016-11-16 07:39:02|1.279379|103.848029
2016-11-16 07:39:13|1.279306|103.848029
2016-11-16 07:39:13|1.279306|103.848029
2016-11-16 07:39:24|1.279306|103.848029
2016-11-16 07:39:24|1.279306|103.848029
2016-11-16 07:39:45|1.281128|103.849116
2016-11-16 07:39:55|1.281383|103.849252
2016-11-16 07:40:05|1.281564|103.849479
2016-11-16 07:40:16|1.282007|103.848663
2016-11-16 07:40:16|1.282007|103.848663
2016-11-16 07:40:37|1.282377|103.847848
2016-11-16 07:40:47|1.282783|103.847169
2016-11-16 07:40:57|1.283298|103.846535
2016-11-16 07:41:08|1.283777|103.845946
2016-11-16 07:41:19|1.283265|103.845946
2016-11-16 07:41:19|1.283265|103.845946
2016-11-16 07:41:39|1.284448|103.843591
2016-11-16 07:41:50|1.283319|103.842730
2016-11-16 07:41:50|1.283319|103.842730
2016-11-16 07:42:10|1.281754|103.841598
2016-11-16 07:42:21|1.280735|103.840692
2016-11-16 07:42:31|1.279935|103.839967
2016-11-16 07:42:41|1.280082|103.839877
2016-11-16 07:42:52|1.280523|103.839424
2016-11-16 07:43:02|1.280446|103.840058
2016-11-16 07:43:13|1.282355|103.838609
2016-11-16 07:43:23|1.280896|103.838156
2016-11-16 07:43:33|1.280677|103.837975
2016-11-16 07:43:43|1.280604|103.838065
2016-11-16 07:43:43|1.280604|103.838065
2016-11-16 07:43:54|1.280677|103.838065
2016-11-16 07:44:14|1.280312|103.837884
2016-11-16 07:44:14|1.280312|103.837884
2016-11-16 07:44:25|1.279948|103.837612
2016-11-16 07:44:35|1.279584|103.837341
2016-11-16 07:44:46|1.279221|103.836888
2016-11-16 07:44:57|1.279148|103.836888
2016-11-16 07:45:07|1.278819|103.836933
2016-11-16 07:45:07|1.278819|103.836933
2016-11-16 07:45:28|1.278527|103.836752
2016-11-16 07:45:38|1.278968|103.836389
2016-11-16 07:45:38|1.278968|103.836389
2016-11-16 07:45:59|1.279084|103.835257
2016-11-16 07:46:09|1.279083|103.835438
2016-11-16 07:46:19|1.279158|103.835076
2016-11-16 07:46:30|1.278720|103.834895
2016-11-16 07:46:30|1.278720|103.834895
2016-11-16 07:46:50|1.277846|103.834442
2016-11-16 07:46:50|1.277846|103.834442
2016-11-16 07:47:10|1.278729|103.833265
2016-11-16 07:47:20|1.278080|103.831634
2016-11-16 07:47:31|1.277714|103.831815
2016-11-16 07:47:41|1.277860|103.831725
2016-11-16 07:47:51|1.277714|103.831725
2016-11-16 07:48:02|1.277787|103.831725
2016-11-16 07:48:12|1.277860|103.831725
2016-11-16 07:48:12|1.277860|103.831725
2016-11-16 07:48:33|1.277860|103.831725
2016-11-16 07:48:33|1.277860|103.831725
2016-11-16 07:48:48|1.277860|103.831725
2016-11-16 07:48:58|1.277861|103.831634
2016-11-16 07:49:08|1.277936|103.831272
2016-11-16 07:49:18|1.278159|103.830547
2016-11-16 07:49:28|1.278677|103.829460
2016-11-16 07:49:38|1.278896|103.829460
2016-11-16 07:49:53|1.279487|103.828464
2016-11-16 07:50:03|1.279413|103.828645
2016-11-16 07:50:13|1.279120|103.828736
2016-11-16 07:50:23|1.279042|103.829551
2016-11-16 07:50:33|1.280858|103.831725
2016-11-16 07:50:43|1.281153|103.831272
2016-11-16 07:50:43|1.281153|103.831272
2016-11-16 07:50:58|1.283136|103.835059
2016-11-16 07:50:58|1.283136|103.835059
2016-11-16 07:51:17|1.282137|103.838337
2016-11-16 07:51:28|1.285501|103.838246
2016-11-16 07:51:39|1.287321|103.839696
2016-11-16 07:51:49|1.288366|103.841199
2016-11-16 07:51:49|1.288366|103.841199
2016-11-16 07:52:10|1.288844|103.841147
2016-11-16 07:52:10|1.288844|103.841147
2016-11-16 07:52:30|1.288844|103.841147
2016-11-16 07:52:41|1.288844|103.841147
2016-11-16 07:52:51|1.288844|103.841147
2016-11-16 07:53:01|1.302397|103.841296
2016-11-16 07:53:11|1.302159|103.841854
2016-11-16 07:53:22|1.303344|103.840632
2016-11-16 07:53:33|1.304825|103.839996
2016-11-16 07:53:33|1.304825|103.839996
2016-11-16 07:53:53|1.306287|103.840114
2016-11-16 07:54:03|1.306287|103.840114
2016-11-16 07:54:12|1.307676|103.842096
2016-11-16 07:54:23|1.311318|103.844474
2016-11-16 07:54:33|1.312856|103.844862
2016-11-16 07:54:33|1.312856|103.844862
2016-11-16 07:54:44|1.314285|103.845452
2016-11-16 07:54:54|1.315562|103.846311
2016-11-16 07:55:04|1.316700|103.847508
2016-11-16 07:55:15|1.317558|103.849109
2016-11-16 07:55:26|1.318320|103.850804
2016-11-16 07:55:36|1.318992|103.852316
2016-11-16 07:55:47|1.319815|103.853926
2016-11-16 07:55:58|1.320921|103.855432
2016-11-16 07:56:09|1.322278|103.856762
2016-11-16 07:56:19|1.323562|103.857894
2016-11-16 07:56:30|1.324876|103.859208
2016-11-16 07:56:40|1.325976|103.860390
2016-11-16 07:56:51|1.327388|103.861615
2016-11-16 07:57:01|1.328911|103.862211
2016-11-16 07:57:12|1.330585|103.862325
2016-11-16 07:57:23|1.332536|103.862181
2016-11-16 07:57:33|1.334135|103.862064
2016-11-16 07:57:43|1.335538|103.862005
2016-11-16 07:57:43|1.335538|103.862005
2016-11-16 07:57:54|1.336822|103.861837
2016-11-16 07:58:04|1.338080|103.861693
2016-11-16 07:58:15|1.339700|103.861425
2016-11-16 07:58:25|1.341112|103.860914
2016-11-16 07:58:36|1.342603|103.860194
2016-11-16 07:58:46|1.343204|103.859439
2016-11-16 07:58:57|1.343227|103.858240
2016-11-16 07:59:08|1.343219|103.857585
2016-11-16 07:59:19|1.343231|103.856881
2016-11-16 07:59:29|1.343151|103.855909
2016-11-16 07:59:40|1.343057|103.854611
2016-11-16 07:59:51|1.342572|103.853838
2016-11-16 08:00:02|1.341088|103.853517
2016-11-16 08:00:13|1.340290|103.853129
2016-11-16 08:00:23|1.339999|103.852982
2016-11-16 08:00:23|1.339999|103.852982
2016-11-16 08:00:34|1.339433|103.852749
2016-11-16 08:00:45|1.338887|103.852728
2016-11-16 08:00:56|1.338233|103.853491
2016-11-16 08:01:07|1.338253|103.854028
2016-11-16 08:01:17|1.338711|103.854653
2016-11-16 08:01:27|1.338388|103.855456
2016-11-16 08:01:38|1.337574|103.856328
2016-11-16 08:01:49|1.337016|103.856902
2016-11-16 08:01:59|1.337010|103.856926
2016-11-16 08:02:10|1.337010|103.856926
2016-11-16 08:02:21|1.337475|103.856649
2016-11-16 08:02:32|1.337490|103.856650
2016-11-16 08:02:43|1.337490|103.856650
2016-11-16 08:02:53|1.337490|103.856650
2016-11-16 08:02:53|1.337490|103.856650
2016-11-16 08:03:04|1.337582|103.856435
2016-11-16 08:03:15|1.337663|103.856281
2016-11-16 08:03:25|1.337775|103.856184
2016-11-16 08:03:35|1.337926|103.856202
2016-11-16 08:03:46|1.337986|103.856202
2016-11-16 08:03:56|1.337986|103.856202
2016-11-16 08:04:06|1.337986|103.856202
2016-11-16 08:04:16|1.337986|103.856202
2016-11-16 08:04:27|1.337986|103.856202
2016-11-16 08:04:38|1.337986|103.856202
2016-11-16 08:04:48|1.337986|103.856202
2016-11-16 08:04:59|1.337986|103.856202
2016-11-16 08:05:10|1.337986|103.856202
2016-11-16 08:05:20|1.337986|103.856202
2016-11-16 08:05:30|1.337986|103.856202
2016-11-16 08:05:40|1.337986|103.856202
2016-11-16 08:05:51|1.337986|103.856202
2016-11-16 08:06:02|1.337986|103.856202
2016-11-16 08:06:12|1.337986|103.856202
2016-11-16 08:06:23|1.337986|103.856202
2016-11-16 08:06:33|1.337986|103.856202
2016-11-16 08:06:33|1.337986|103.856202
2016-11-16 08:06:44|1.337986|103.856202
2016-11-16 08:06:54|1.337986|103.856202
2016-11-16 08:07:04|1.337986|103.856202
2016-11-16 08:07:15|1.337986|103.856202
2016-11-16 08:07:25|1.337986|103.856202
2016-11-16 08:07:35|1.337986|103.856202
2016-11-16 08:07:46|1.337986|103.856202
2016-11-16 08:07:56|1.337986|103.856202
2016-11-16 08:08:06|1.337986|103.856202
2016-11-16 08:08:16|1.337986|103.856202
2016-11-16 08:08:26|1.337986|103.856202
2016-11-16 08:08:37|1.337986|103.856202
2016-11-16 08:08:47|1.337986|103.856202
2016-11-16 08:08:57|1.337986|103.856202
2016-11-16 08:09:07|1.337986|103.856202
2016-11-16 08:09:17|1.338134|103.856213
2016-11-16 08:09:28|1.338247|103.856137
2016-11-16 08:09:39|1.338100|103.855948
2016-11-16 08:09:49|1.337774|103.856080
2016-11-16 08:10:00|1.337477|103.856375
2016-11-16 08:10:10|1.337261|103.856629
2016-11-16 08:10:21|1.336847|103.856975
2016-11-16 08:10:32|1.336609|103.857141
2016-11-16 08:10:42|1.336576|103.857154
2016-11-16 08:10:53|1.336342|103.857378
2016-11-16 08:10:53|1.336342|103.857378
2016-11-16 08:11:04|1.336342|103.857378
2016-11-16 08:11:15|1.336342|103.857378
2016-11-16 08:11:25|1.336342|103.857378
2016-11-16 08:11:36|1.336342|103.857378
2016-11-16 08:11:47|1.336342|103.857378
2016-11-16 08:11:57|1.336342|103.857378
2016-11-16 08:12:07|1.336342|103.857378
2016-11-16 08:12:17|1.336342|103.857378
2016-11-16 08:12:28|1.336342|103.857378
2016-11-16 08:12:38|1.336342|103.857378
2016-11-16 08:12:49|1.336342|103.857378
2016-11-16 08:13:00|1.336342|103.857378
2016-11-16 08:13:10|1.336342|103.857378
2016-11-16 08:13:20|1.336342|103.857378
2016-11-16 08:13:31|1.336342|103.857378
2016-11-16 08:13:41|1.336342|103.857378
2016-11-16 08:13:51|1.336342|103.857378
2016-11-16 08:14:01|1.336342|103.857378
2016-11-16 08:14:12|1.336342|103.857378
2016-11-16 08:14:22|1.336342|103.857378
2016-11-16 08:14:32|1.336342|103.857378
2016-11-16 08:14:43|1.336342|103.857378
2016-11-16 08:14:53|1.336342|103.857378
2016-11-16 08:14:53|1.336342|103.857378
2016-11-16 08:15:04|1.336342|103.857378
2016-11-16 08:15:15|1.336342|103.857378
2016-11-16 08:15:25|1.336342|103.857378
2016-11-16 08:15:35|1.336342|103.857378
2016-11-16 08:15:46|1.336342|103.857378
2016-11-16 08:15:57|1.336342|103.857378
2016-11-16 08:16:07|1.336342|103.857378
2016-11-16 08:16:18|1.336342|103.857378
2016-11-16 08:16:28|1.336342|103.857378
2016-11-16 08:16:38|1.336342|103.857378
2016-11-16 08:16:49|1.336342|103.857378
2016-11-16 08:17:00|1.336252|103.857479
2016-11-16 08:17:11|1.336114|103.857587
2016-11-16 08:17:22|1.335630|103.857924
2016-11-16 08:17:33|1.335344|103.858357
2016-11-16 08:17:43|1.335327|103.858612
2016-11-16 08:17:43|1.335327|103.858612
2016-11-16 08:17:43|1.335327|103.858612
2016-11-16 08:17:54|1.335327|103.858612
2016-11-16 08:18:04|1.335284|103.859006
2016-11-16 08:18:15|1.335563|103.859742
2016-11-16 08:18:26|1.336572|103.859827
2016-11-16 08:18:37|1.337614|103.859768
2016-11-16 08:18:48|1.338402|103.859748
2016-11-16 08:18:58|1.338943|103.859638
2016-11-16 08:19:09|1.339732|103.858895
2016-11-16 08:19:20|1.339861|103.857901
2016-11-16 08:19:31|1.339763|103.856646
2016-11-16 08:19:41|1.339745|103.855966
2016-11-16 08:19:51|1.339726|103.855198
2016-11-16 08:20:02|1.339774|103.853908
2016-11-16 08:20:12|1.340119|103.853316
2016-11-16 08:20:22|1.340119|103.853316
2016-11-16 08:20:33|1.340154|103.853277
2016-11-16 08:20:43|1.340154|103.853277
2016-11-16 08:20:43|1.340154|103.853277
2016-11-16 08:20:54|1.340154|103.853277
2016-11-16 08:21:04|1.340154|103.853277
2016-11-16 08:21:15|1.340154|103.853277
2016-11-16 08:21:25|1.340154|103.853277
2016-11-16 08:21:35|1.340185|103.853094
2016-11-16 08:21:46|1.339394|103.852593
2016-11-16 08:21:56|1.339324|103.852394
2016-11-16 08:22:07|1.340278|103.853039
2016-11-16 08:22:17|1.341646|103.853505
2016-11-16 08:22:28|1.343103|103.853598
2016-11-16 08:22:39|1.344124|103.853460
2016-11-16 08:22:50|1.343742|103.852886
2016-11-16 08:23:00|1.343368|103.853571
2016-11-16 08:23:11|1.343284|103.853987
2016-11-16 08:23:21|1.343300|103.854673
2016-11-16 08:23:31|1.343310|103.855713
2016-11-16 08:23:42|1.343297|103.856867
2016-11-16 08:23:53|1.343345|103.857923
2016-11-16 08:24:03|1.343451|103.858923
2016-11-16 08:24:03|1.343451|103.858923
2016-11-16 08:24:14|1.343559|103.859608
2016-11-16 08:24:24|1.343934|103.859884
2016-11-16 08:24:34|1.343934|103.859884
2016-11-16 08:24:45|1.343934|103.859884
2016-11-16 08:24:56|1.343934|103.859884
2016-11-16 08:25:07|1.344210|103.860075
2016-11-16 08:25:17|1.344571|103.860283
2016-11-16 08:25:27|1.344714|103.860246
2016-11-16 08:25:38|1.344714|103.860246
2016-11-16 08:25:48|1.344714|103.860246
2016-11-16 08:25:58|1.344781|103.860249
2016-11-16 08:26:09|1.345340|103.860359
2016-11-16 08:26:20|1.346447|103.860173
2016-11-16 08:26:31|1.347747|103.860014
2016-11-16 08:26:41|1.348926|103.860271
2016-11-16 08:26:52|1.350123|103.861198
2016-11-16 08:27:03|1.351278|103.862208
2016-11-16 08:27:03|1.351278|103.862208
2016-11-16 08:27:14|1.351995|103.862830
2016-11-16 08:27:24|1.352961|103.863663
2016-11-16 08:27:35|1.353794|103.864283
2016-11-16 08:27:46|1.354127|103.864839
2016-11-16 08:27:57|1.354459|103.865603
2016-11-16 08:28:07|1.354697|103.866153
2016-11-16 08:28:17|1.354761|103.866278
2016-11-16 08:28:28|1.354761|103.866278
2016-11-16 08:28:39|1.354761|103.866278
2016-11-16 08:28:50|1.354761|103.866278
2016-11-16 08:29:00|1.354761|103.866278
2016-11-16 08:29:10|1.354761|103.866278
2016-11-16 08:29:21|1.354761|103.866278
2016-11-16 08:29:31|1.354831|103.866357
2016-11-16 08:29:42|1.354831|103.866357
2016-11-16 08:29:53|1.354935|103.866706
2016-11-16 08:29:53|1.354935|103.866706
2016-11-16 08:30:04|1.355041|103.867062
2016-11-16 08:30:15|1.355041|103.867062
2016-11-16 08:30:25|1.355041|103.867062
2016-11-16 08:30:36|1.355041|103.867062
2016-11-16 08:30:46|1.355041|103.867062
2016-11-16 08:30:57|1.355041|103.867062
2016-11-16 08:31:08|1.355051|103.867111
2016-11-16 08:31:19|1.355051|103.867111
2016-11-16 08:31:29|1.355051|103.867111
2016-11-16 08:31:39|1.355051|103.867111
2016-11-16 08:31:50|1.355236|103.867584
2016-11-16 08:32:01|1.355260|103.867627
2016-11-16 08:32:11|1.355260|103.867627
2016-11-16 08:32:21|1.355260|103.867627
2016-11-16 08:32:32|1.355260|103.867627
2016-11-16 08:32:43|1.355260|103.867627
2016-11-16 08:32:43|1.355260|103.867627
2016-11-16 08:32:54|1.355302|103.867672
2016-11-16 08:33:04|1.355318|103.867708
2016-11-16 08:33:15|1.355318|103.867708
2016-11-16 08:33:26|1.355329|103.867755
2016-11-16 08:33:36|1.355329|103.867755
2016-11-16 08:33:46|1.355027|103.867912
2016-11-16 08:33:57|1.354036|103.868042
2016-11-16 08:34:07|1.353508|103.868168
2016-11-16 08:34:07|1.353508|103.868168
2016-11-16 08:34:18|1.353481|103.868177
2016-11-16 08:34:28|1.353159|103.868166
2016-11-16 08:34:38|1.352398|103.868428
2016-11-16 08:34:48|1.351782|103.869247
2016-11-16 08:34:58|1.351281|103.870292
2016-11-16 08:35:09|1.350959|103.870868
2016-11-16 08:35:19|1.350844|103.870979
2016-11-16 08:35:30|1.350132|103.871359
2016-11-16 08:35:40|1.349103|103.871576
2016-11-16 08:35:50|1.348634|103.871871
2016-11-16 08:36:01|1.348419|103.872294
2016-11-16 08:36:12|1.348111|103.872638
2016-11-16 08:36:23|1.347141|103.871966
2016-11-16 08:36:33|1.346658|103.871697
2016-11-16 08:36:33|1.346658|103.871697
2016-11-16 08:36:44|1.346119|103.871634
2016-11-16 08:36:54|1.345854|103.872255
2016-11-16 08:37:05|1.345752|103.872960
2016-11-16 08:37:16|1.346293|103.873615
2016-11-16 08:37:26|1.346879|103.873687
2016-11-16 08:37:36|1.347548|103.874004
2016-11-16 08:37:47|1.347575|103.874422
2016-11-16 08:37:57|1.347810|103.874627
2016-11-16 08:38:08|1.348277|103.874565
2016-11-16 08:38:19|1.348277|103.874565
2016-11-16 08:38:29|1.348277|103.874565
2016-11-16 08:38:40|1.348277|103.874565
2016-11-16 08:38:50|1.348277|103.874565
2016-11-16 08:39:01|1.348277|103.874565
2016-11-16 08:39:01|1.348277|103.874565
2016-11-16 08:39:12|1.348468|103.874548
2016-11-16 08:39:23|1.348987|103.874521
2016-11-16 08:39:33|1.349566|103.874089
2016-11-16 08:39:33|1.349566|103.874089
2016-11-16 08:39:44|1.349578|103.873740
2016-11-16 08:39:55|1.348901|103.873076
2016-11-16 08:40:05|1.348070|103.872407
2016-11-16 08:40:16|1.346938|103.871812
2016-11-16 08:40:27|1.346352|103.871638
2016-11-16 08:40:37|1.346352|103.871638
2016-11-16 08:40:48|1.346352|103.871638
2016-11-16 08:40:59|1.346352|103.871638
2016-11-16 08:41:09|1.346352|103.871638
2016-11-16 08:41:19|1.346352|103.871638
2016-11-16 08:41:30|1.345770|103.871392
2016-11-16 08:41:41|1.345316|103.871267
2016-11-16 08:41:51|1.345316|103.871267
2016-11-16 08:42:01|1.345316|103.871267
2016-11-16 08:42:12|1.345161|103.871210
2016-11-16 08:42:23|1.344423|103.870946
2016-11-16 08:42:23|1.344423|103.870946
2016-11-16 08:42:34|1.343712|103.870838
2016-11-16 08:42:44|1.343280|103.870808
2016-11-16 08:42:54|1.342720|103.870839
2016-11-16 08:43:05|1.342213|103.870850
2016-11-16 08:43:15|1.341723|103.870892
2016-11-16 08:43:25|1.341227|103.870915
2016-11-16 08:43:35|1.340746|103.870872
2016-11-16 08:43:46|1.340406|103.870880
2016-11-16 08:43:56|1.340395|103.870881
2016-11-16 08:44:06|1.340395|103.870881
2016-11-16 08:44:17|1.340207|103.870915
2016-11-16 08:44:27|1.339791|103.870874
2016-11-16 08:44:37|1.338926|103.870838
2016-11-16 08:44:48|1.337792|103.870680
2016-11-16 08:44:58|1.336842|103.870537
2016-11-16 08:45:09|1.335686|103.870378
2016-11-16 08:45:19|1.334568|103.870137
2016-11-16 08:45:30|1.333817|103.869874
2016-11-16 08:45:41|1.333817|103.869874
2016-11-16 08:45:51|1.333817|103.869874
2016-11-16 08:46:02|1.333817|103.869874
2016-11-16 08:46:12|1.333817|103.869874
2016-11-16 08:46:23|1.333817|103.869874
2016-11-16 08:46:23|1.333817|103.869874
2016-11-16 08:46:34|1.333526|103.869712
2016-11-16 08:46:44|1.332947|103.869600
2016-11-16 08:46:54|1.332076|103.869359
2016-11-16 08:47:04|1.330715|103.868979
2016-11-16 08:47:15|1.329171|103.868588
2016-11-16 08:47:33|1.328581|103.868440
2016-11-16 08:47:43|1.325031|103.867942
2016-11-16 08:47:43|1.325031|103.867942
2016-11-16 08:47:54|1.323911|103.867387
2016-11-16 08:48:04|1.323116|103.866892
2016-11-16 08:48:14|1.322719|103.866607
2016-11-16 08:48:25|1.322187|103.866327
2016-11-16 08:48:36|1.321098|103.865640
2016-11-16 08:48:47|1.319970|103.864824
2016-11-16 08:48:58|1.318815|103.864060
2016-11-16 08:49:08|1.318092|103.863519
2016-11-16 08:49:18|1.317671|103.863126
2016-11-16 08:49:29|1.317144|103.862627
2016-11-16 08:49:40|1.316699|103.862306
2016-11-16 08:49:51|1.316393|103.862067
2016-11-16 08:50:01|1.316310|103.861995
2016-11-16 08:50:12|1.316195|103.861907
2016-11-16 08:50:22|1.315985|103.861706
2016-11-16 08:50:33|1.315554|103.861446
2016-11-16 08:50:43|1.315533|103.861439
2016-11-16 08:50:53|1.315533|103.861439
2016-11-16 08:50:53|1.315533|103.861439
2016-11-16 08:51:04|1.315533|103.861439
2016-11-16 08:51:14|1.315533|103.861439
2016-11-16 08:51:25|1.315134|103.861211
2016-11-16 08:51:36|1.314601|103.860854
2016-11-16 08:51:47|1.314050|103.860436
2016-11-16 08:51:57|1.313431|103.860793
2016-11-16 08:52:07|1.312791|103.861275
2016-11-16 08:52:17|1.312567|103.861456
2016-11-16 08:52:28|1.311901|103.861996
2016-11-16 08:52:39|1.311030|103.862650
2016-11-16 08:52:49|1.310032|103.863357
2016-11-16 08:53:00|1.309127|103.863923
2016-11-16 08:53:11|1.308901|103.863954
2016-11-16 08:53:21|1.308901|103.863954
2016-11-16 08:53:32|1.308901|103.863954
2016-11-16 08:53:43|1.308901|103.863954
2016-11-16 08:53:53|1.308901|103.863954
2016-11-16 08:53:53|1.308901|103.863954
2016-11-16 08:54:04|1.308901|103.863954
2016-11-16 08:54:14|1.308901|103.863954
2016-11-16 08:54:24|1.308901|103.863954
2016-11-16 08:54:35|1.308742|103.863948
2016-11-16 08:54:45|1.308297|103.863874
2016-11-16 08:54:56|1.307917|103.863434
2016-11-16 08:55:06|1.307062|103.862462
2016-11-16 08:55:17|1.305987|103.861284
2016-11-16 08:55:28|1.305024|103.860176
2016-11-16 08:55:39|1.304169|103.859230
2016-11-16 08:55:50|1.303292|103.858291
2016-11-16 08:56:00|1.302520|103.857607
2016-11-16 08:56:11|1.302030|103.857237
2016-11-16 08:56:21|1.302017|103.857223
2016-11-16 08:56:31|1.302017|103.857223
2016-11-16 08:56:41|1.302017|103.857223
2016-11-16 08:56:52|1.302017|103.857223
2016-11-16 08:57:02|1.302017|103.857223
2016-11-16 08:57:13|1.302017|103.857223
2016-11-16 08:57:13|1.302017|103.857223
2016-11-16 08:57:24|1.302017|103.857223
2016-11-16 08:57:34|1.302017|103.857223
2016-11-16 08:57:45|1.302017|103.857223
2016-11-16 08:57:56|1.302017|103.857223
2016-11-16 08:58:06|1.301779|103.857238
2016-11-16 08:58:16|1.301429|103.857632
2016-11-16 08:58:27|1.301397|103.857657
2016-11-16 08:58:38|1.301397|103.857657
2016-11-16 08:58:48|1.301350|103.857732
2016-11-16 08:58:59|1.300717|103.858421
2016-11-16 08:59:10|1.300013|103.858884
2016-11-16 08:59:20|1.299600|103.859110
2016-11-16 08:59:30|1.299419|103.859290
2016-11-16 08:59:40|1.299248|103.859033
2016-11-16 08:59:51|1.299191|103.858889
2016-11-16 09:00:02|1.299191|103.858889
2016-11-16 09:00:13|1.299191|103.858889
2016-11-16 09:00:23|1.299181|103.858877
2016-11-16 09:00:33|1.299162|103.858816
2016-11-16 09:00:33|1.299162|103.858816
2016-11-16 09:00:44|1.298684|103.858195
2016-11-16 09:00:55|1.297874|103.857501
2016-11-16 09:01:05|1.297264|103.856925
2016-11-16 09:01:15|1.297062|103.856816
2016-11-16 09:01:26|1.296982|103.856799
2016-11-16 09:01:36|1.296982|103.856799
2016-11-16 09:01:46|1.296982|103.856799
2016-11-16 09:01:56|1.296982|103.856799
2016-11-16 09:02:07|1.296702|103.856583
2016-11-16 09:02:17|1.296430|103.856459
2016-11-16 09:02:27|1.295925|103.856760
2016-11-16 09:02:38|1.295355|103.857236
2016-11-16 09:02:49|1.295136|103.857419
2016-11-16 09:03:00|1.295113|103.857385
2016-11-16 09:03:11|1.295113|103.857385
2016-11-16 09:03:11|1.295113|103.857385
2016-11-16 09:03:24|1.295113|103.857385
2016-11-16 09:03:36|1.295113|103.857385
2016-11-16 09:03:48|1.295113|103.857385
2016-11-16 09:03:58|1.294917|103.857048
2016-11-16 09:04:09|1.294115|103.856481
2016-11-16 09:04:19|1.293508|103.856080
2016-11-16 09:04:29|1.293508|103.856080
2016-11-16 09:04:39|1.293508|103.856080
2016-11-16 09:04:50|1.293508|103.856080
2016-11-16 09:05:01|1.293508|103.856080
2016-11-16 09:05:12|1.293508|103.856080
2016-11-16 09:05:23|1.293508|103.856080
2016-11-16 09:05:23|1.293508|103.856080
2016-11-16 09:05:34|1.293508|103.856080
2016-11-16 09:05:44|1.293508|103.856080
2016-11-16 09:05:54|1.293021|103.855946
2016-11-16 09:06:04|1.292366|103.855626
2016-11-16 09:06:14|1.291490|103.855143
2016-11-16 09:06:25|1.290187|103.854656
2016-11-16 09:06:36|1.288707|103.854418
2016-11-16 09:06:46|1.287472|103.854197
2016-11-16 09:06:57|1.286472|103.853980
2016-11-16 09:07:08|1.285950|103.853779
2016-11-16 09:07:18|1.285290|103.853467
2016-11-16 09:07:29|1.284330|103.853085
2016-11-16 09:07:40|1.283646|103.853147
2016-11-16 09:07:50|1.283010|103.851993
2016-11-16 09:07:50|1.283010|103.851993
2016-11-16 09:08:04|1.282755|103.852241
2016-11-16 09:08:14|1.282787|103.852405
2016-11-16 09:08:24|1.283009|103.852166
2016-11-16 09:08:35|1.283009|103.852166
2016-11-16 09:08:45|1.283009|103.852166
2016-11-16 09:08:56|1.283009|103.852166
2016-11-16 09:09:07|1.283009|103.852166
2016-11-16 09:09:18|1.283009|103.852166
2016-11-16 09:09:28|1.282742|103.851975
2016-11-16 09:09:38|1.282673|103.851748
2016-11-16 09:09:49|1.282130|103.851523
2016-11-16 09:10:00|1.280784|103.851139
2016-11-16 09:10:11|1.280334|103.851107
2016-11-16 09:10:21|1.280243|103.851095
2016-11-16 09:10:32|1.280243|103.851095
2016-11-16 09:10:32|1.280243|103.851095
2016-11-16 09:10:50|1.280243|103.851095
2016-11-16 09:11:02|1.280258|103.850940
2016-11-16 09:11:02|1.280258|103.850940
2016-11-16 09:11:14|1.280227|103.851386
2016-11-16 09:11:30|1.279929|103.851490
2016-11-16 09:11:40|1.279929|103.851490
2016-11-16 09:11:53|1.279615|103.851356
2016-11-16 09:12:03|1.279020|103.850813
2016-11-16 09:12:03|1.279020|103.850813
2016-11-16 09:12:14|1.277988|103.850108
2016-11-16 09:12:25|1.277073|103.849495
2016-11-16 09:12:36|1.276584|103.848931
2016-11-16 09:12:46|1.276107|103.848319
2016-11-16 09:12:56|1.275324|103.847649
2016-11-16 09:13:06|1.274690|103.847148
2016-11-16 09:13:17|1.274349|103.846921
2016-11-16 09:13:28|1.274349|103.846921
2016-11-16 09:13:38|1.274349|103.846921
2016-11-16 09:13:48|1.273752|103.846411
2016-11-16 09:13:59|1.273448|103.846039
2016-11-16 09:14:11|1.273815|103.845743
2016-11-16 09:14:22|1.274081|103.845414
2016-11-16 09:14:32|1.274081|103.845414
2016-11-16 09:14:43|1.274081|103.845414
2016-11-16 09:14:43|1.274081|103.845414
2016-11-16 09:14:54|1.274081|103.845414
2016-11-16 09:14:54|1.274081|103.845414
2016-11-16 09:15:15|1.274081|103.845414
2016-11-16 09:15:25|1.273996|103.845008
2016-11-16 09:15:35|1.274123|103.844487
2016-11-16 09:15:46|1.274389|103.844166
2016-11-16 09:15:57|1.274389|103.844166
2016-11-16 09:16:08|1.274389|103.844166
2016-11-16 09:16:19|1.274389|103.844166
2016-11-16 09:16:30|1.274389|103.844166
2016-11-16 09:16:41|1.274389|103.844166
2016-11-16 09:16:41|1.274389|103.844166
2016-11-16 09:16:54|1.274389|103.844166
2016-11-16 09:17:05|1.274389|103.844166
2016-11-16 09:17:16|1.274389|103.844166
2016-11-16 09:17:16|1.274389|103.844166
2016-11-16 09:17:27|1.274344|103.844454
2016-11-16 09:17:37|1.274287|103.844583
2016-11-16 09:17:47|1.274287|103.844583
2016-11-16 09:17:58|1.274287|103.844583
2016-11-16 09:18:09|1.274287|103.844583
2016-11-16 09:18:19|1.274287|103.844583
2016-11-16 09:18:29|1.274287|103.844583
2016-11-16 09:18:40|1.274287|103.844583
2016-11-16 09:18:51|1.274287|103.844583
2016-11-16 09:19:01|1.274287|103.844583
2016-11-16 09:19:11|1.274287|103.844583
2016-11-16 09:19:21|1.274287|103.844583
2016-11-16 09:19:33|1.274287|103.844583
2016-11-16 09:19:43|1.274287|103.844583
2016-11-16 09:19:53|1.274287|103.844583
2016-11-16 09:19:53|1.274287|103.844583
2016-11-16 09:20:04|1.274287|103.844583
2016-11-16 09:20:15|1.274287|103.844583
2016-11-16 09:20:30|1.274287|103.844583
2016-11-16 09:20:40|1.274287|103.844583
2016-11-16 09:20:50|1.274287|103.844583
2016-11-16 09:21:01|1.274287|103.844583
2016-11-16 09:21:11|1.274287|103.844583
2016-11-16 09:21:22|1.274287|103.844583
2016-11-16 09:21:33|1.274287|103.844583
2016-11-16 09:21:33|1.274287|103.844583
2016-11-16 09:21:44|1.274287|103.844583
2016-11-16 09:21:55|1.274287|103.844583
2016-11-16 09:22:05|1.274287|103.844583
2016-11-16 09:22:16|1.274287|103.844583
2016-11-16 09:22:26|1.274260|103.844182
2016-11-16 09:22:36|1.274080|103.843843
2016-11-16 09:22:47|1.274349|103.843640
2016-11-16 09:22:58|1.275403|103.843755
2016-11-16 09:23:08|1.275585|103.843874
2016-11-16 09:23:18|1.275749|103.843995
2016-11-16 09:23:28|1.275804|103.844465
2016-11-16 09:23:39|1.275770|103.844509
2016-11-16 09:23:39|1.275770|103.844509
2016-11-16 09:23:54|1.275886|103.844463
2016-11-16 09:24:05|1.275801|103.844720
2016-11-16 09:24:15|1.275709|103.845984
2016-11-16 09:24:26|1.275924|103.846302
2016-11-16 09:24:36|1.275924|103.846302
2016-11-16 09:24:46|1.275924|103.846302
2016-11-16 09:24:57|1.275929|103.846315
2016-11-16 09:25:08|1.275934|103.846374
2016-11-16 09:25:19|1.275866|103.846597
2016-11-16 09:25:30|1.275877|103.846631
2016-11-16 09:25:40|1.275897|103.846627
2016-11-16 09:25:51|1.276118|103.847080
2016-11-16 09:26:01|1.276234|103.847271
2016-11-16 09:26:11|1.276234|103.847271
2016-11-16 09:26:22|1.276234|103.847271
2016-11-16 09:26:32|1.276234|103.847271
2016-11-16 09:26:43|1.276234|103.847271
2016-11-16 09:26:53|1.276234|103.847271
2016-11-16 09:27:03|1.276234|103.847271
2016-11-16 09:27:13|1.276559|103.847411
2016-11-16 09:27:13|1.276559|103.847411
2016-11-16 09:27:24|1.276423|103.847832
2016-11-16 09:27:34|1.276273|103.848021
2016-11-16 09:27:44|1.276273|103.848021
2016-11-16 09:27:55|1.276273|103.848021
2016-11-16 09:28:06|1.276273|103.848021
2016-11-16 09:28:17|1.275862|103.848697
2016-11-16 09:28:27|1.275225|103.849503
2016-11-16 09:28:38|1.274417|103.850730
2016-11-16 09:28:49|1.273795|103.852282
2016-11-16 09:29:00|1.272922|103.853716
2016-11-16 09:29:11|1.271914|103.855164
2016-11-16 09:29:22|1.270946|103.856685
2016-11-16 09:29:33|1.270422|103.858457
2016-11-16 09:29:33|1.270422|103.858457
2016-11-16 09:29:33|1.270422|103.858457
2016-11-16 09:29:56|1.270534|103.859535
2016-11-16 09:30:13|1.270534|103.859535
2016-11-16 09:30:13|1.270534|103.859535
2016-11-16 09:30:25|1.270534|103.859535
2016-11-16 09:30:25|1.270534|103.859535
2016-11-16 09:30:45|1.270534|103.859535
2016-11-16 09:30:56|1.272820|103.851154
2016-11-16 09:30:56|1.272820|103.851154
2016-11-16 09:31:16|1.272820|103.851154
2016-11-16 09:31:27|1.272820|103.851154
2016-11-16 09:31:27|1.272820|103.851154
2016-11-16 09:31:47|1.272820|103.851154
2016-11-16 09:31:58|1.272820|103.851154
2016-11-16 09:32:10|1.283839|103.867823
2016-11-16 09:32:10|1.283839|103.867823
2016-11-16 09:32:31|1.283839|103.867823
2016-11-16 09:32:31|1.283839|103.867823
2016-11-16 09:32:51|1.283839|103.867823
2016-11-16 09:33:02|1.283839|103.867823
2016-11-16 09:33:12|1.283839|103.867823
2016-11-16 09:33:22|1.283839|103.867823
2016-11-16 09:33:33|1.283839|103.867823
2016-11-16 09:33:33|1.283839|103.867823
2016-11-16 09:33:53|1.283839|103.867823
2016-11-16 09:33:53|1.283839|103.867823
2016-11-16 09:34:04|1.283839|103.867823
2016-11-16 09:34:15|1.310709|103.875072
2016-11-16 09:34:24|1.310709|103.875072
2016-11-16 09:34:36|1.310709|103.875072
2016-11-16 09:34:46|1.310709|103.875072
2016-11-16 09:34:46|1.310709|103.875072
2016-11-16 09:35:07|1.310709|103.875072
2016-11-16 09:35:17|1.310709|103.875072
2016-11-16 09:35:27|1.310709|103.875072
2016-11-16 09:35:36|1.317194|103.874532
2016-11-16 09:35:47|1.318790|103.874818
2016-11-16 09:35:58|1.320218|103.874868
2016-11-16 09:36:09|1.321463|103.874132
2016-11-16 09:36:20|1.322733|103.873220
2016-11-16 09:36:30|1.323732|103.872467
2016-11-16 09:36:41|1.324886|103.871640
2016-11-16 09:36:51|1.325957|103.870829
2016-11-16 09:37:02|1.326950|103.869837
2016-11-16 09:37:12|1.327782|103.868714
2016-11-16 09:37:23|1.328438|103.867431
2016-11-16 09:37:33|1.328879|103.866144
2016-11-16 09:37:33|1.328879|103.866144
2016-11-16 09:37:44|1.329277|103.864812
2016-11-16 09:37:54|1.329800|103.863602
2016-11-16 09:38:05|1.330326|103.862096
2016-11-16 09:38:16|1.330324|103.860648
2016-11-16 09:38:26|1.331077|103.860229
2016-11-16 09:38:37|1.332149|103.860883
2016-11-16 09:38:47|1.333076|103.861784
2016-11-16 09:38:58|1.334605|103.861989
2016-11-16 09:39:08|1.336068|103.861924
2016-11-16 09:39:19|1.337670|103.861889
2016-11-16 09:39:30|1.339327|103.861660
2016-11-16 09:39:40|1.340901|103.861206
2016-11-16 09:39:51|1.342754|103.860523
2016-11-16 09:40:01|1.344409|103.859962
2016-11-16 09:40:12|1.346356|103.859257
2016-11-16 09:40:22|1.348091|103.858632
2016-11-16 09:40:32|1.349818|103.858015
2016-11-16 09:40:43|1.351772|103.857349
2016-11-16 09:40:53|1.353564|103.856917
2016-11-16 09:41:03|1.355321|103.856799
2016-11-16 09:41:03|1.355321|103.856799
2016-11-16 09:41:14|1.357250|103.857059
2016-11-16 09:41:25|1.359240|103.857786
2016-11-16 09:41:35|1.361056|103.858417
2016-11-16 09:41:45|1.362795|103.858969
2016-11-16 09:41:56|1.364475|103.859512
2016-11-16 09:42:07|1.365972|103.859999
2016-11-16 09:42:17|1.367122|103.860315
2016-11-16 09:42:28|1.368423|103.860378
2016-11-16 09:42:39|1.369082|103.859738
2016-11-16 09:42:50|1.369068|103.858514
2016-11-16 09:43:00|1.369007|103.857619
2016-11-16 09:43:10|1.368967|103.857450
2016-11-16 09:43:20|1.368967|103.857450
2016-11-16 09:43:31|1.368967|103.857450
2016-11-16 09:43:42|1.368967|103.857450
2016-11-16 09:43:53|1.368969|103.857392
2016-11-16 09:43:53|1.368969|103.857392
2016-11-16 09:44:04|1.369073|103.856651
2016-11-16 09:44:15|1.369394|103.855518
2016-11-16 09:44:25|1.369734|103.854275
2016-11-16 09:44:35|1.369816|103.853131
2016-11-16 09:44:45|1.369593|103.852303
2016-11-16 09:44:56|1.368797|103.852423
2016-11-16 09:45:06|1.368616|103.852299
2016-11-16 09:45:16|1.368289|103.852232
2016-11-16 09:45:27|1.368232|103.851925
2016-11-16 09:45:37|1.368100|103.851616
2016-11-16 09:45:48|1.368296|103.851483
2016-11-16 09:45:58|1.368309|103.851514
2016-11-16 09:46:09|1.368309|103.851514
2016-11-16 09:46:20|1.368309|103.851514
2016-11-16 09:46:31|1.368309|103.851514
2016-11-16 09:46:42|1.368309|103.851514
2016-11-16 09:46:53|1.368309|103.851514
2016-11-16 09:46:53|1.368309|103.851514
2016-11-16 09:47:04|1.368309|103.851514
2016-11-16 09:47:14|1.368309|103.851514
2016-11-16 09:47:24|1.368267|103.851458
2016-11-16 09:47:35|1.368186|103.851462
2016-11-16 09:47:45|1.368154|103.851546
2016-11-16 09:47:56|1.368155|103.851556
2016-11-16 09:48:07|1.368115|103.851540
2016-11-16 09:48:18|1.368035|103.851460
2016-11-16 09:48:28|1.368035|103.851460
2016-11-16 09:48:28|1.368035|103.851460
2016-11-16 09:48:52|1.368056|103.851109
2016-11-16 09:49:01|1.368124|103.851038
2016-11-16 09:49:01|1.368124|103.851038
2016-11-16 09:49:22|1.368056|103.851109
2016-11-16 09:49:22|1.368056|103.851109
2016-11-16 09:49:42|1.367981|103.851290
2016-11-16 09:49:52|1.367981|103.851290
2016-11-16 09:50:04|1.367982|103.851200
2016-11-16 09:50:04|1.367982|103.851200
2016-11-16 09:50:23|1.367982|103.851200
2016-11-16 09:50:23|1.367982|103.851200
2016-11-16 09:50:34|1.367982|103.851200
2016-11-16 09:50:44|1.368129|103.851109
2016-11-16 09:50:55|1.368056|103.851109
2016-11-16 09:50:55|1.368056|103.851109
2016-11-16 09:51:15|1.368129|103.851109
2016-11-16 09:51:25|1.368129|103.851109
2016-11-16 09:51:36|1.368128|103.851200
2016-11-16 09:51:46|1.368056|103.851109
2016-11-16 09:51:56|1.368129|103.851109
2016-11-16 09:52:07|1.368129|103.851109
2016-11-16 09:52:17|1.367945|103.851154
2016-11-16 09:52:27|1.367982|103.851109
2016-11-16 09:52:27|1.367982|103.851109
2016-11-16 09:52:47|1.367982|103.851109
2016-11-16 09:52:57|1.368009|103.851076
2016-11-16 09:53:07|1.368009|103.851076
2016-11-16 09:53:20|1.367982|103.851109
2016-11-16 09:53:31|1.367982|103.851109
2016-11-16 09:53:41|1.367945|103.851154
2016-11-16 09:53:51|1.367945|103.851154
2016-11-16 09:54:02|1.367945|103.851154
2016-11-16 09:54:12|1.367945|103.851154
2016-11-16 09:54:22|1.367945|103.851154
2016-11-16 09:54:33|1.367982|103.851109
2016-11-16 09:54:43|1.367945|103.851154
2016-11-16 09:54:43|1.367945|103.851154
2016-11-16 09:54:54|1.367982|103.851109
2016-11-16 09:55:05|1.367909|103.851109
2016-11-16 09:55:05|1.367909|103.851109
2016-11-16 09:55:25|1.367908|103.851290
2016-11-16 09:55:35|1.367908|103.851200
2016-11-16 09:55:45|1.367981|103.851290
2016-11-16 09:55:55|1.367981|103.851290
2016-11-16 09:56:06|1.367981|103.851290
2016-11-16 09:56:16|1.368019|103.851064
2016-11-16 09:56:26|1.368019|103.851064
2016-11-16 09:56:38|1.367945|103.851154
2016-11-16 09:56:38|1.367945|103.851154
2016-11-16 09:56:58|1.367945|103.851154
2016-11-16 09:57:09|1.367945|103.851154
2016-11-16 09:57:19|1.367982|103.851200
2016-11-16 09:57:29|1.367945|103.851154
2016-11-16 09:57:40|1.367945|103.851154
2016-11-16 09:57:50|1.368718|103.850617
2016-11-16 09:58:00|1.368718|103.850617
2016-11-16 09:58:11|1.367945|103.851154
2016-11-16 09:58:11|1.367945|103.851154
2016-11-16 09:58:31|1.367945|103.851154
2016-11-16 09:58:42|1.367945|103.851154
2016-11-16 09:58:52|1.367945|103.851154
2016-11-16 09:59:02|1.367945|103.851154
2016-11-16 09:59:13|1.367982|103.851109
2016-11-16 09:59:23|1.367982|103.851109
2016-11-16 09:59:33|1.367982|103.851200
2016-11-16 09:59:33|1.367982|103.851200
2016-11-16 09:59:44|1.367945|103.851154
2016-11-16 09:59:55|1.367982|103.851200
2016-11-16 10:00:05|1.367982|103.851109
2016-11-16 10:00:16|1.367982|103.851200
2016-11-16 10:00:26|1.367982|103.851200
2016-11-16 10:00:36|1.367982|103.851200
2016-11-16 10:00:36|1.367982|103.851200
2016-11-16 10:00:36|1.367982|103.851200
